{
  "fall": {
    "precision": 0.9748427672955975,
    "recall": 0.8882521489971347,
    "f1-score": 0.9295352323838081,
    "support": 349.0
  },
  "not-fall": {
    "precision": 0.8482490272373541,
    "recall": 0.9646017699115044,
    "f1-score": 0.9026915113871635,
    "support": 226.0
  },
  "accuracy": 0.9182608695652174,
  "macro avg": {
    "precision": 0.9115458972664758,
    "recall": 0.9264269594543195,
    "f1-score": 0.9161133718854858,
    "support": 575.0
  },
  "weighted avg": {
    "precision": 0.9250859233770531,
    "recall": 0.9182608695652174,
    "f1-score": 0.9189844829138225,
    "support": 575.0
  }
}